Entry Name,ΔHADDOCK score (wt-mut),ΔΔG SKEMPI (ΔGwt-ΔGmut)
ChainA_Resid73_F,10.52,-2.234
ChainA_Resid73_Q,10.37,-1.451
ChainA_Resid73_W,9.24,-1.656
ChainA_Resid73_Y,14.26,-2.413
ChainA_Resid73_A,11.92,-2.812
ChainA_Resid73_C,10.4,-2.527
ChainA_Resid73_S,10.16,-3.009
ChainA_Resid35_F,2.65,-1.112
ChainA_Resid83_Q,-5.51,-5.417
ChainA_Resid102_Q,-10.56,-4.548
ChainA_Resid102_G,-21.84,-6.817
ChainA_Resid102_A,-19.64,-6.073
ChainA_Resid102_L,-13.11,-7.662
ChainA_Resid102_D,-11.36,-4.548
ChainA_Resid27_A,-9.14,-4.586
ChainA_Resid59_A,-23.18,-4.888
ChainA_Resid59_K,-7.37,-2.487
ChainA_Resid87_A,-13.9,-5.949
ChainA_Resid54_A,1.47,0.167
ChainA_Resid58_A,3.61,-3.114
ChainA_Resid60_A,-7.99,-0.515
ChainD_Resid29_F,-3.98,0.132
ChainD_Resid29_A,-7.78,-3.469
ChainD_Resid38_F,3.96,-1.642
ChainD_Resid44_F,-2.17,-0.056
ChainD_Resid35_A,-18.2,-4.068
ChainD_Resid39_A,-15.13,-5.932
ChainD_Resid42_A,0.37,-1.857
ChainD_Resid76_A,-8.73,-0.823
ChainD_Resid80_A,-0.87,-0.41
