structure	original_name	md5	score
emscoring_493.pdb	Target268_590_from_Target268_twoch_543_haddock.pdb	None	-156.55358
emscoring_116.pdb	Target268_281_from_Target268_twoch_202_haddock.pdb	None	-153.3641
emscoring_155.pdb	Target268_313_from_Target268_twoch_238_haddock.pdb	None	-146.5739
emscoring_427.pdb	Target268_537_from_Target268_twoch_484_haddock.pdb	None	-142.9243
emscoring_382.pdb	Target268_50_from_Target268_twoch_443_haddock.pdb	None	-138.58072
emscoring_395.pdb	Target268_510_from_Target268_twoch_455_haddock.pdb	None	-137.6977
emscoring_97.pdb	Target268_267_from_Target268_twoch_186_haddock.pdb	None	-137.32600000000002
emscoring_185.pdb	Target268_338_from_Target268_twoch_265_haddock.pdb	None	-133.9616
emscoring_164.pdb	Target268_320_from_Target268_twoch_246_haddock.pdb	None	-127.91669999999999
emscoring_445.pdb	Target268_103_from_Target268_twoch_6_haddock.pdb	None	-122.40100000000001
emscoring_643.pdb	Target268_713_from_Target268_twoch_679_haddock.pdb	None	-121.8469
emscoring_762.pdb	Target268_171_from_Target268_twoch_80_haddock.pdb	None	-115.94412000000001
emscoring_137.pdb	Target268_299_from_Target268_twoch_221_haddock.pdb	None	-114.8118
emscoring_203.pdb	Target268_352_from_Target268_twoch_281_haddock.pdb	None	-111.6809
emscoring_641.pdb	Target268_711_from_Target268_twoch_677_haddock.pdb	None	-111.37176
emscoring_178.pdb	Target268_332_from_Target268_twoch_259_haddock.pdb	None	-110.88736
emscoring_588.pdb	Target268_669_from_Target268_twoch_629_haddock.pdb	None	-109.958
emscoring_690.pdb	Target268_164_from_Target268_twoch_73_haddock.pdb	None	-107.93304
emscoring_167.pdb	Target268_323_from_Target268_twoch_249_haddock.pdb	None	-107.93304
emscoring_141.pdb	Target268_301_from_Target268_twoch_225_haddock.pdb	None	-106.83582000000001
emscoring_600.pdb	Target268_679_from_Target268_twoch_640_haddock.pdb	None	-105.9099
emscoring_576.pdb	Target268_659_from_Target268_twoch_618_haddock.pdb	None	-103.41560000000001
emscoring_287.pdb	Target268_421_from_Target268_twoch_357_haddock.pdb	None	-101.3682
emscoring_775.pdb	Target268_181_from_Target268_twoch_91_haddock.pdb	None	-101.15534
emscoring_763.pdb	Target268_106_from_Target268_twoch_9_haddock.pdb	None	-100.85170000000001
emscoring_714.pdb	Target268_770_from_Target268_twoch_742_haddock.pdb	None	-98.90784
emscoring_114.pdb	Target268_117_from_Target268_twoch_21_haddock.pdb	None	-97.7093
emscoring_370.pdb	Target268_49_from_Target268_twoch_432_haddock.pdb	None	-97.54862
emscoring_477.pdb	Target268_578_from_Target268_twoch_529_haddock.pdb	None	-97.15720000000002
emscoring_100.pdb	Target268_27_from_Target268_twoch_189_haddock.pdb	None	-95.77619999999999
emscoring_194.pdb	Target268_345_from_Target268_twoch_273_haddock.pdb	None	-95.3991
emscoring_39.pdb	Target268_219_from_Target268_twoch_133_haddock.pdb	None	-94.8746
emscoring_692.pdb	Target268_752_from_Target268_twoch_722_haddock.pdb	None	-94.868202
emscoring_393.pdb	Target268_509_from_Target268_twoch_453_haddock.pdb	None	-94.81318
emscoring_780.pdb	Target268_186_from_Target268_twoch_96_haddock.pdb	None	-94.45734
emscoring_613.pdb	Target268_689_from_Target268_twoch_651_haddock.pdb	None	-94.37535999999999
emscoring_438.pdb	Target268_546_from_Target268_twoch_494_haddock.pdb	None	-94.2596
emscoring_701.pdb	Target268_165_from_Target268_twoch_74_haddock.pdb	None	-93.8064
emscoring_435.pdb	Target268_543_from_Target268_twoch_491_haddock.pdb	None	-93.79238
emscoring_311.pdb	Target268_441_from_Target268_twoch_379_haddock.pdb	None	-93.39218
emscoring_703.pdb	Target268_761_from_Target268_twoch_732_haddock.pdb	None	-92.3911
emscoring_433.pdb	Target268_542_from_Target268_twoch_490_haddock.pdb	None	-91.88444
emscoring_711.pdb	Target268_769_from_Target268_twoch_740_haddock.pdb	None	-91.7283
emscoring_695.pdb	Target268_755_from_Target268_twoch_725_haddock.pdb	None	-91.1292
emscoring_458.pdb	Target268_561_from_Target268_twoch_511_haddock.pdb	None	-90.77519
emscoring_133.pdb	Target268_296_from_Target268_twoch_218_haddock.pdb	None	-90.6593
emscoring_121.pdb	Target268_286_from_Target268_twoch_207_haddock.pdb	None	-90.42660000000001
emscoring_465.pdb	Target268_568_from_Target268_twoch_518_haddock.pdb	None	-88.61786000000001
emscoring_738.pdb	Target268_8_from_Target268_twoch_764_haddock.pdb	None	-88.61786000000001
emscoring_15.pdb	Target268_2_from_Target268_twoch_111_haddock.pdb	None	-87.98877999999999
emscoring_674.pdb	Target268_738_from_Target268_twoch_706_haddock.pdb	None	-87.86222000000001
emscoring_19.pdb	Target268_202_from_Target268_twoch_115_haddock.pdb	None	-86.36668
emscoring_411.pdb	Target268_524_from_Target268_twoch_470_haddock.pdb	None	-86.2627
emscoring_623.pdb	Target268_159_from_Target268_twoch_67_haddock.pdb	None	-84.82922
emscoring_428.pdb	Target268_538_from_Target268_twoch_485_haddock.pdb	None	-83.91394
emscoring_408.pdb	Target268_521_from_Target268_twoch_467_haddock.pdb	None	-83.40484000000001
emscoring_349.pdb	Target268_471_from_Target268_twoch_412_haddock.pdb	None	-82.02412000000001
emscoring_564.pdb	Target268_649_from_Target268_twoch_607_haddock.pdb	None	-81.6215
emscoring_447.pdb	Target268_552_from_Target268_twoch_501_haddock.pdb	None	-81.41288
emscoring_142.pdb	Target268_302_from_Target268_twoch_226_haddock.pdb	None	-81.21546000000001
emscoring_702.pdb	Target268_760_from_Target268_twoch_731_haddock.pdb	None	-81.17342
emscoring_212.pdb	Target268_360_from_Target268_twoch_290_haddock.pdb	None	-81.05764
emscoring_269.pdb	Target268_13_from_Target268_twoch_35_haddock.pdb	None	-81.00286
emscoring_291.pdb	Target268_131_from_Target268_twoch_37_haddock.pdb	None	-80.62932
emscoring_498.pdb	Target268_595_from_Target268_twoch_548_haddock.pdb	None	-80.42684
emscoring_339.pdb	Target268_463_from_Target268_twoch_403_haddock.pdb	None	-79.843896
emscoring_55.pdb	Target268_232_from_Target268_twoch_148_haddock.pdb	None	-79.82976
emscoring_726.pdb	Target268_780_from_Target268_twoch_753_haddock.pdb	None	-78.67604
emscoring_502.pdb	Target268_598_from_Target268_twoch_551_haddock.pdb	None	-78.5314
emscoring_474.pdb	Target268_575_from_Target268_twoch_526_haddock.pdb	None	-78.31126
emscoring_535.pdb	Target268_625_from_Target268_twoch_581_haddock.pdb	None	-78.24892
emscoring_66.pdb	Target268_241_from_Target268_twoch_158_haddock.pdb	None	-78.18734
emscoring_138.pdb	Target268_3_from_Target268_twoch_222_haddock.pdb	None	-78.17096
emscoring_328.pdb	Target268_455_from_Target268_twoch_394_haddock.pdb	None	-78.16778
emscoring_148.pdb	Target268_307_from_Target268_twoch_231_haddock.pdb	None	-78.16216
emscoring_242.pdb	Target268_385_from_Target268_twoch_316_haddock.pdb	None	-77.554514
emscoring_304.pdb	Target268_435_from_Target268_twoch_372_haddock.pdb	None	-77.16901999999999
emscoring_761.pdb	Target268_99_from_Target268_twoch_785_haddock.pdb	None	-76.96548
emscoring_443.pdb	Target268_550_from_Target268_twoch_499_haddock.pdb	None	-76.70994
emscoring_223.pdb	Target268_37_from_Target268_twoch_300_haddock.pdb	None	-76.62288
emscoring_380.pdb	Target268_498_from_Target268_twoch_441_haddock.pdb	None	-76.42824
emscoring_342.pdb	Target268_466_from_Target268_twoch_406_haddock.pdb	None	-76.01092
emscoring_488.pdb	Target268_587_from_Target268_twoch_539_haddock.pdb	None	-75.944692
emscoring_183.pdb	Target268_336_from_Target268_twoch_263_haddock.pdb	None	-75.63206
emscoring_57.pdb	Target268_234_from_Target268_twoch_150_haddock.pdb	None	-75.55439999999999
emscoring_745.pdb	Target268_17_from_Target268_twoch_78_haddock.pdb	None	-75.1564
emscoring_617.pdb	Target268_692_from_Target268_twoch_655_haddock.pdb	None	-75.09504000000001
emscoring_722.pdb	Target268_778_from_Target268_twoch_750_haddock.pdb	None	-75.09150000000001
emscoring_221.pdb	Target268_368_from_Target268_twoch_298_haddock.pdb	None	-74.98230000000001
emscoring_346.pdb	Target268_47_from_Target268_twoch_410_haddock.pdb	None	-74.8608
emscoring_772.pdb	Target268_18_from_Target268_twoch_89_haddock.pdb	None	-74.3529
emscoring_306.pdb	Target268_437_from_Target268_twoch_374_haddock.pdb	None	-73.92967999999999
emscoring_296.pdb	Target268_429_from_Target268_twoch_365_haddock.pdb	None	-73.80356
emscoring_387.pdb	Target268_504_from_Target268_twoch_448_haddock.pdb	None	-73.682516
emscoring_689.pdb	Target268_750_from_Target268_twoch_720_haddock.pdb	None	-73.52702
emscoring_239.pdb	Target268_382_from_Target268_twoch_313_haddock.pdb	None	-73.523
emscoring_560.pdb	Target268_645_from_Target268_twoch_603_haddock.pdb	None	-73.37626
emscoring_87.pdb	Target268_259_from_Target268_twoch_177_haddock.pdb	None	-73.25548
emscoring_454.pdb	Target268_559_from_Target268_twoch_508_haddock.pdb	None	-73.08082
emscoring_461.pdb	Target268_564_from_Target268_twoch_514_haddock.pdb	None	-73.08082
emscoring_360.pdb	Target268_480_from_Target268_twoch_422_haddock.pdb	None	-73.0476
emscoring_60.pdb	Target268_236_from_Target268_twoch_152_haddock.pdb	None	-72.784086
emscoring_267.pdb	Target268_405_from_Target268_twoch_339_haddock.pdb	None	-72.48072
emscoring_731.pdb	Target268_785_from_Target268_twoch_758_haddock.pdb	None	-72.33886
emscoring_132.pdb	Target268_295_from_Target268_twoch_217_haddock.pdb	None	-72.12362
emscoring_329.pdb	Target268_456_from_Target268_twoch_395_haddock.pdb	None	-72.02159999999999
emscoring_32.pdb	Target268_213_from_Target268_twoch_127_haddock.pdb	None	-72.02159999999999
emscoring_621.pdb	Target268_696_from_Target268_twoch_659_haddock.pdb	None	-71.6537
emscoring_401.pdb	Target268_140_from_Target268_twoch_47_haddock.pdb	None	-71.36861999999999
emscoring_571.pdb	Target268_654_from_Target268_twoch_613_haddock.pdb	None	-70.80384000000001
emscoring_307.pdb	Target268_438_from_Target268_twoch_375_haddock.pdb	None	-70.63098000000001
emscoring_592.pdb	Target268_671_from_Target268_twoch_632_haddock.pdb	None	-70.34046000000001
emscoring_677.pdb	Target268_740_from_Target268_twoch_709_haddock.pdb	None	-69.877492
emscoring_149.pdb	Target268_308_from_Target268_twoch_232_haddock.pdb	None	-69.80374
emscoring_497.pdb	Target268_594_from_Target268_twoch_547_haddock.pdb	None	-69.73578
emscoring_400.pdb	Target268_515_from_Target268_twoch_460_haddock.pdb	None	-69.5076
emscoring_53.pdb	Target268_230_from_Target268_twoch_146_haddock.pdb	None	-69.01064
emscoring_765.pdb	Target268_173_from_Target268_twoch_82_haddock.pdb	None	-68.60000000000001
emscoring_442.pdb	Target268_55_from_Target268_twoch_498_haddock.pdb	None	-68.5234
emscoring_492.pdb	Target268_59_from_Target268_twoch_542_haddock.pdb	None	-68.43868
emscoring_766.pdb	Target268_174_from_Target268_twoch_83_haddock.pdb	None	-68.13558
emscoring_500.pdb	Target268_597_from_Target268_twoch_550_haddock.pdb	None	-67.98052
emscoring_365.pdb	Target268_485_from_Target268_twoch_427_haddock.pdb	None	-67.52246
emscoring_464.pdb	Target268_567_from_Target268_twoch_517_haddock.pdb	None	-67.5017
emscoring_625.pdb	Target268_699_from_Target268_twoch_662_haddock.pdb	None	-67.2021
emscoring_409.pdb	Target268_522_from_Target268_twoch_468_haddock.pdb	None	-67.16650000000001
emscoring_182.pdb	Target268_335_from_Target268_twoch_262_haddock.pdb	None	-67.0783
emscoring_527.pdb	Target268_618_from_Target268_twoch_574_haddock.pdb	None	-66.99924
emscoring_473.pdb	Target268_574_from_Target268_twoch_525_haddock.pdb	None	-66.78396000000001
emscoring_373.pdb	Target268_492_from_Target268_twoch_435_haddock.pdb	None	-66.74626
emscoring_78.pdb	Target268_251_from_Target268_twoch_169_haddock.pdb	None	-66.46054
emscoring_525.pdb	Target268_616_from_Target268_twoch_572_haddock.pdb	None	-66.23156
emscoring_389.pdb	Target268_506_from_Target268_twoch_450_haddock.pdb	None	-66.131
emscoring_540.pdb	Target268_63_from_Target268_twoch_586_haddock.pdb	None	-66.051534
emscoring_455.pdb	Target268_56_from_Target268_twoch_509_haddock.pdb	None	-65.8202
emscoring_288.pdb	Target268_422_from_Target268_twoch_358_haddock.pdb	None	-65.76716
emscoring_417.pdb	Target268_529_from_Target268_twoch_475_haddock.pdb	None	-65.701724
emscoring_601.pdb	Target268_157_from_Target268_twoch_65_haddock.pdb	None	-64.832236
emscoring_308.pdb	Target268_439_from_Target268_twoch_376_haddock.pdb	None	-64.66694
emscoring_706.pdb	Target268_764_from_Target268_twoch_735_haddock.pdb	None	-64.61026
emscoring_43.pdb	Target268_222_from_Target268_twoch_137_haddock.pdb	None	-64.49626
emscoring_543.pdb	Target268_632_from_Target268_twoch_589_haddock.pdb	None	-64.46668
emscoring_482.pdb	Target268_581_from_Target268_twoch_533_haddock.pdb	None	-64.31756
emscoring_441.pdb	Target268_549_from_Target268_twoch_497_haddock.pdb	None	-64.28276
emscoring_40.pdb	Target268_22_from_Target268_twoch_134_haddock.pdb	None	-64.243432
emscoring_629.pdb	Target268_701_from_Target268_twoch_666_haddock.pdb	None	-64.03098
emscoring_545.pdb	Target268_152_from_Target268_twoch_60_haddock.pdb	None	-63.95812
emscoring_524.pdb	Target268_615_from_Target268_twoch_571_haddock.pdb	None	-63.9189
emscoring_233.pdb	Target268_378_from_Target268_twoch_308_haddock.pdb	None	-63.9189
emscoring_257.pdb	Target268_398_from_Target268_twoch_330_haddock.pdb	None	-63.76788
emscoring_653.pdb	Target268_721_from_Target268_twoch_688_haddock.pdb	None	-63.72094
emscoring_686.pdb	Target268_748_from_Target268_twoch_717_haddock.pdb	None	-63.686580000000006
emscoring_45.pdb	Target268_224_from_Target268_twoch_139_haddock.pdb	None	-63.54534
emscoring_744.pdb	Target268_85_from_Target268_twoch_770_haddock.pdb	None	-63.42466
emscoring_377.pdb	Target268_496_from_Target268_twoch_439_haddock.pdb	None	-63.3791
emscoring_581.pdb	Target268_662_from_Target268_twoch_622_haddock.pdb	None	-63.087779999999995
emscoring_136.pdb	Target268_119_from_Target268_twoch_23_haddock.pdb	None	-63.06156
emscoring_486.pdb	Target268_585_from_Target268_twoch_537_haddock.pdb	None	-62.90844
emscoring_192.pdb	Target268_343_from_Target268_twoch_271_haddock.pdb	None	-62.85674
emscoring_603.pdb	Target268_680_from_Target268_twoch_642_haddock.pdb	None	-62.82146
emscoring_558.pdb	Target268_643_from_Target268_twoch_601_haddock.pdb	None	-62.72254
emscoring_244.pdb	Target268_387_from_Target268_twoch_318_haddock.pdb	None	-62.60312
emscoring_80.pdb	Target268_114_from_Target268_twoch_18_haddock.pdb	None	-62.56182
emscoring_660.pdb	Target268_727_from_Target268_twoch_694_haddock.pdb	None	-62.4251
emscoring_707.pdb	Target268_765_from_Target268_twoch_736_haddock.pdb	None	-62.37707
emscoring_70.pdb	Target268_244_from_Target268_twoch_161_haddock.pdb	None	-62.232
emscoring_471.pdb	Target268_572_from_Target268_twoch_523_haddock.pdb	None	-62.02428
emscoring_383.pdb	Target268_500_from_Target268_twoch_444_haddock.pdb	None	-61.90935
emscoring_444.pdb	Target268_551_from_Target268_twoch_500_haddock.pdb	None	-61.862172
emscoring_111.pdb	Target268_279_from_Target268_twoch_199_haddock.pdb	None	-61.57042
emscoring_230.pdb	Target268_374_from_Target268_twoch_305_haddock.pdb	None	-61.41011999999999
emscoring_265.pdb	Target268_403_from_Target268_twoch_337_haddock.pdb	None	-61.30313
emscoring_590.pdb	Target268_156_from_Target268_twoch_64_haddock.pdb	None	-61.20798
emscoring_533.pdb	Target268_624_from_Target268_twoch_580_haddock.pdb	None	-61.158199999999994
emscoring_730.pdb	Target268_784_from_Target268_twoch_757_haddock.pdb	None	-60.60584
emscoring_270.pdb	Target268_407_from_Target268_twoch_341_haddock.pdb	None	-60.25070000000001
emscoring_326.pdb	Target268_453_from_Target268_twoch_392_haddock.pdb	None	-60.1523
emscoring_29.pdb	Target268_210_from_Target268_twoch_124_haddock.pdb	None	-60.05368
emscoring_678.pdb	Target268_741_from_Target268_twoch_710_haddock.pdb	None	-59.979380000000006
emscoring_505.pdb	Target268_60_from_Target268_twoch_554_haddock.pdb	None	-59.7256
emscoring_572.pdb	Target268_655_from_Target268_twoch_614_haddock.pdb	None	-59.69794
emscoring_31.pdb	Target268_212_from_Target268_twoch_126_haddock.pdb	None	-59.62928
emscoring_649.pdb	Target268_718_from_Target268_twoch_684_haddock.pdb	None	-59.5322
emscoring_44.pdb	Target268_223_from_Target268_twoch_138_haddock.pdb	None	-59.453500000000005
emscoring_784.pdb	Target268_19_from_Target268_twoch_100_haddock.pdb	None	-59.32844
emscoring_467.pdb	Target268_57_from_Target268_twoch_520_haddock.pdb	None	-59.315799999999996
emscoring_719.pdb	Target268_775_from_Target268_twoch_747_haddock.pdb	None	-59.31452
emscoring_94.pdb	Target268_264_from_Target268_twoch_183_haddock.pdb	None	-59.31452
emscoring_476.pdb	Target268_577_from_Target268_twoch_528_haddock.pdb	None	-59.23797999999999
emscoring_596.pdb	Target268_675_from_Target268_twoch_636_haddock.pdb	None	-59.2054
emscoring_99.pdb	Target268_269_from_Target268_twoch_188_haddock.pdb	None	-59.019294
emscoring_656.pdb	Target268_161_from_Target268_twoch_70_haddock.pdb	None	-58.9351
emscoring_366.pdb	Target268_486_from_Target268_twoch_428_haddock.pdb	None	-58.361180000000004
emscoring_123.pdb	Target268_288_from_Target268_twoch_209_haddock.pdb	None	-58.068780000000004
emscoring_410.pdb	Target268_523_from_Target268_twoch_469_haddock.pdb	None	-58.0334
emscoring_275.pdb	Target268_411_from_Target268_twoch_346_haddock.pdb	None	-57.91294
emscoring_622.pdb	Target268_697_from_Target268_twoch_660_haddock.pdb	None	-57.87514
emscoring_453.pdb	Target268_558_from_Target268_twoch_507_haddock.pdb	None	-57.274119999999996
emscoring_24.pdb	Target268_207_from_Target268_twoch_120_haddock.pdb	None	-57.27114
emscoring_610.pdb	Target268_687_from_Target268_twoch_649_haddock.pdb	None	-56.90637
emscoring_513.pdb	Target268_606_from_Target268_twoch_561_haddock.pdb	None	-56.90454
emscoring_654.pdb	Target268_722_from_Target268_twoch_689_haddock.pdb	None	-56.785740000000004
emscoring_514.pdb	Target268_607_from_Target268_twoch_562_haddock.pdb	None	-56.56418000000001
emscoring_684.pdb	Target268_746_from_Target268_twoch_715_haddock.pdb	None	-56.29354
emscoring_198.pdb	Target268_349_from_Target268_twoch_277_haddock.pdb	None	-56.26664
emscoring_693.pdb	Target268_753_from_Target268_twoch_723_haddock.pdb	None	-56.19308
emscoring_96.pdb	Target268_266_from_Target268_twoch_185_haddock.pdb	None	-56.14338
emscoring_4.pdb	Target268_190_from_Target268_twoch_101_haddock.pdb	None	-55.71594
emscoring_561.pdb	Target268_646_from_Target268_twoch_604_haddock.pdb	None	-55.563952
emscoring_782.pdb	Target268_188_from_Target268_twoch_98_haddock.pdb	None	-55.501580000000004
emscoring_298.pdb	Target268_430_from_Target268_twoch_367_haddock.pdb	None	-55.49444
emscoring_65.pdb	Target268_240_from_Target268_twoch_157_haddock.pdb	None	-55.37479999999999
emscoring_668.pdb	Target268_162_from_Target268_twoch_71_haddock.pdb	None	-55.29844
emscoring_437.pdb	Target268_545_from_Target268_twoch_493_haddock.pdb	None	-54.88116000000001
emscoring_271.pdb	Target268_408_from_Target268_twoch_342_haddock.pdb	None	-54.818999999999996
emscoring_168.pdb	Target268_324_from_Target268_twoch_250_haddock.pdb	None	-54.72182
emscoring_422.pdb	Target268_533_from_Target268_twoch_480_haddock.pdb	None	-54.47712
emscoring_430.pdb	Target268_54_from_Target268_twoch_487_haddock.pdb	None	-54.38684
emscoring_607.pdb	Target268_684_from_Target268_twoch_646_haddock.pdb	None	-54.10982
emscoring_734.pdb	Target268_169_from_Target268_twoch_77_haddock.pdb	None	-54.06756
emscoring_385.pdb	Target268_502_from_Target268_twoch_446_haddock.pdb	None	-54.0289
emscoring_663.pdb	Target268_73_from_Target268_twoch_697_haddock.pdb	None	-54.0032
emscoring_487.pdb	Target268_586_from_Target268_twoch_538_haddock.pdb	None	-53.82922
emscoring_650.pdb	Target268_719_from_Target268_twoch_685_haddock.pdb	None	-53.667745999999994
emscoring_448.pdb	Target268_553_from_Target268_twoch_502_haddock.pdb	None	-53.65388
emscoring_22.pdb	Target268_205_from_Target268_twoch_118_haddock.pdb	None	-53.57036
emscoring_324.pdb	Target268_134_from_Target268_twoch_40_haddock.pdb	None	-53.518314000000004
emscoring_539.pdb	Target268_629_from_Target268_twoch_585_haddock.pdb	None	-53.50987
emscoring_626.pdb	Target268_7_from_Target268_twoch_663_haddock.pdb	None	-53.31062904000001
emscoring_713.pdb	Target268_77_from_Target268_twoch_741_haddock.pdb	None	-53.06096000000001
emscoring_732.pdb	Target268_786_from_Target268_twoch_759_haddock.pdb	None	-52.94728
emscoring_413.pdb	Target268_525_from_Target268_twoch_471_haddock.pdb	None	-52.94238
emscoring_768.pdb	Target268_176_from_Target268_twoch_85_haddock.pdb	None	-52.40902
emscoring_128.pdb	Target268_291_from_Target268_twoch_213_haddock.pdb	None	-52.314614000000006
emscoring_757.pdb	Target268_95_from_Target268_twoch_781_haddock.pdb	None	-52.094359999999995
emscoring_259.pdb	Target268_399_from_Target268_twoch_331_haddock.pdb	None	-51.88674
emscoring_657.pdb	Target268_724_from_Target268_twoch_691_haddock.pdb	None	-51.75062
emscoring_156.pdb	Target268_314_from_Target268_twoch_239_haddock.pdb	None	-51.684784
emscoring_683.pdb	Target268_745_from_Target268_twoch_714_haddock.pdb	None	-51.6103904
emscoring_23.pdb	Target268_206_from_Target268_twoch_119_haddock.pdb	None	-51.464600000000004
emscoring_472.pdb	Target268_573_from_Target268_twoch_524_haddock.pdb	None	-51.322300000000006
emscoring_261.pdb	Target268_40_from_Target268_twoch_333_haddock.pdb	None	-51.07069
emscoring_62.pdb	Target268_238_from_Target268_twoch_154_haddock.pdb	None	-50.82464
emscoring_743.pdb	Target268_84_from_Target268_twoch_769_haddock.pdb	None	-50.699014000000005
emscoring_439.pdb	Target268_547_from_Target268_twoch_495_haddock.pdb	None	-50.69362
emscoring_587.pdb	Target268_668_from_Target268_twoch_628_haddock.pdb	None	-50.69318
emscoring_479.pdb	Target268_147_from_Target268_twoch_54_haddock.pdb	None	-50.5958
emscoring_420.pdb	Target268_531_from_Target268_twoch_478_haddock.pdb	None	-50.15616
emscoring_337.pdb	Target268_461_from_Target268_twoch_401_haddock.pdb	None	-49.99416000000001
emscoring_225.pdb	Target268_126_from_Target268_twoch_31_haddock.pdb	None	-49.97292
emscoring_712.pdb	Target268_166_from_Target268_twoch_75_haddock.pdb	None	-49.49848
emscoring_95.pdb	Target268_265_from_Target268_twoch_184_haddock.pdb	None	-49.27441999999999
emscoring_499.pdb	Target268_596_from_Target268_twoch_549_haddock.pdb	None	-49.252120000000005
emscoring_381.pdb	Target268_499_from_Target268_twoch_442_haddock.pdb	None	-49.204
emscoring_405.pdb	Target268_519_from_Target268_twoch_464_haddock.pdb	None	-49.13902
emscoring_76.pdb	Target268_25_from_Target268_twoch_167_haddock.pdb	None	-49.131539999999994
emscoring_214.pdb	Target268_361_from_Target268_twoch_291_haddock.pdb	None	-49.05422
emscoring_367.pdb	Target268_487_from_Target268_twoch_429_haddock.pdb	None	-49.03678
emscoring_363.pdb	Target268_483_from_Target268_twoch_425_haddock.pdb	None	-48.658620000000006
emscoring_699.pdb	Target268_759_from_Target268_twoch_729_haddock.pdb	None	-48.05857
emscoring_523.pdb	Target268_150_from_Target268_twoch_58_haddock.pdb	None	-48.049
emscoring_440.pdb	Target268_548_from_Target268_twoch_496_haddock.pdb	None	-48.02154
emscoring_61.pdb	Target268_237_from_Target268_twoch_153_haddock.pdb	None	-47.99524
emscoring_414.pdb	Target268_526_from_Target268_twoch_472_haddock.pdb	None	-47.926606
emscoring_546.pdb	Target268_634_from_Target268_twoch_591_haddock.pdb	None	-47.733360000000005
emscoring_404.pdb	Target268_518_from_Target268_twoch_463_haddock.pdb	None	-47.72096
emscoring_213.pdb	Target268_125_from_Target268_twoch_30_haddock.pdb	None	-47.68242000000001
emscoring_222.pdb	Target268_369_from_Target268_twoch_299_haddock.pdb	None	-47.59603
emscoring_605.pdb	Target268_682_from_Target268_twoch_644_haddock.pdb	None	-47.36786
emscoring_240.pdb	Target268_383_from_Target268_twoch_314_haddock.pdb	None	-47.357009999999995
emscoring_17.pdb	Target268_200_from_Target268_twoch_113_haddock.pdb	None	-47.32688
emscoring_315.pdb	Target268_444_from_Target268_twoch_382_haddock.pdb	None	-47.221112000000005
emscoring_489.pdb	Target268_588_from_Target268_twoch_540_haddock.pdb	None	-47.120802
emscoring_501.pdb	Target268_149_from_Target268_twoch_56_haddock.pdb	None	-47.0773
emscoring_176.pdb	Target268_330_from_Target268_twoch_257_haddock.pdb	None	-46.598659999999995
emscoring_478.pdb	Target268_579_from_Target268_twoch_530_haddock.pdb	None	-46.48098400000001
emscoring_353.pdb	Target268_475_from_Target268_twoch_416_haddock.pdb	None	-46.45057
emscoring_591.pdb	Target268_670_from_Target268_twoch_631_haddock.pdb	None	-46.42764
emscoring_219.pdb	Target268_366_from_Target268_twoch_296_haddock.pdb	None	-46.37794
emscoring_234.pdb	Target268_379_from_Target268_twoch_309_haddock.pdb	None	-46.354960000000005
emscoring_550.pdb	Target268_638_from_Target268_twoch_595_haddock.pdb	None	-46.32162
emscoring_609.pdb	Target268_686_from_Target268_twoch_648_haddock.pdb	None	-46.29702
emscoring_667.pdb	Target268_105_from_Target268_twoch_8_haddock.pdb	None	-46.234538
emscoring_651.pdb	Target268_72_from_Target268_twoch_686_haddock.pdb	None	-46.12934
emscoring_163.pdb	Target268_32_from_Target268_twoch_245_haddock.pdb	None	-46.0702
emscoring_483.pdb	Target268_582_from_Target268_twoch_534_haddock.pdb	None	-45.787380000000006
emscoring_696.pdb	Target268_756_from_Target268_twoch_726_haddock.pdb	None	-45.746704
emscoring_321.pdb	Target268_45_from_Target268_twoch_388_haddock.pdb	None	-45.689218
emscoring_755.pdb	Target268_94_from_Target268_twoch_780_haddock.pdb	None	-45.54418
emscoring_634.pdb	Target268_16_from_Target268_twoch_68_haddock.pdb	None	-45.46996
emscoring_518.pdb	Target268_610_from_Target268_twoch_566_haddock.pdb	None	-45.376639999999995
emscoring_562.pdb	Target268_647_from_Target268_twoch_605_haddock.pdb	None	-45.33385
emscoring_110.pdb	Target268_278_from_Target268_twoch_198_haddock.pdb	None	-45.228572
emscoring_556.pdb	Target268_104_from_Target268_twoch_7_haddock.pdb	None	-45.220805999999996
emscoring_350.pdb	Target268_472_from_Target268_twoch_413_haddock.pdb	None	-45.11542
emscoring_36.pdb	Target268_110_from_Target268_twoch_14_haddock.pdb	None	-45.08198
emscoring_51.pdb	Target268_229_from_Target268_twoch_144_haddock.pdb	None	-44.972856
emscoring_475.pdb	Target268_576_from_Target268_twoch_527_haddock.pdb	None	-44.777029999999996
emscoring_567.pdb	Target268_651_from_Target268_twoch_610_haddock.pdb	None	-44.640863
emscoring_459.pdb	Target268_562_from_Target268_twoch_512_haddock.pdb	None	-44.61992
emscoring_104.pdb	Target268_272_from_Target268_twoch_192_haddock.pdb	None	-44.50358
emscoring_496.pdb	Target268_593_from_Target268_twoch_546_haddock.pdb	None	-44.486689999999996
emscoring_174.pdb	Target268_329_from_Target268_twoch_255_haddock.pdb	None	-44.47836
emscoring_608.pdb	Target268_685_from_Target268_twoch_647_haddock.pdb	None	-44.4035
emscoring_659.pdb	Target268_726_from_Target268_twoch_693_haddock.pdb	None	-44.3848
emscoring_526.pdb	Target268_617_from_Target268_twoch_573_haddock.pdb	None	-44.29484000000001
emscoring_531.pdb	Target268_621_from_Target268_twoch_578_haddock.pdb	None	-44.29146000000001
emscoring_153.pdb	Target268_311_from_Target268_twoch_236_haddock.pdb	None	-44.257639999999995
emscoring_760.pdb	Target268_98_from_Target268_twoch_784_haddock.pdb	None	-44.177040000000005
emscoring_196.pdb	Target268_347_from_Target268_twoch_275_haddock.pdb	None	-44.06612
emscoring_117.pdb	Target268_282_from_Target268_twoch_203_haddock.pdb	None	-43.97912
emscoring_681.pdb	Target268_743_from_Target268_twoch_712_haddock.pdb	None	-43.9503
emscoring_150.pdb	Target268_309_from_Target268_twoch_233_haddock.pdb	None	-43.942750000000004
emscoring_160.pdb	Target268_317_from_Target268_twoch_242_haddock.pdb	None	-43.910946
emscoring_551.pdb	Target268_639_from_Target268_twoch_596_haddock.pdb	None	-43.847678
emscoring_35.pdb	Target268_216_from_Target268_twoch_130_haddock.pdb	None	-43.840668
emscoring_708.pdb	Target268_766_from_Target268_twoch_737_haddock.pdb	None	-43.7562
emscoring_309.pdb	Target268_44_from_Target268_twoch_377_haddock.pdb	None	-43.7079
emscoring_56.pdb	Target268_233_from_Target268_twoch_149_haddock.pdb	None	-43.356356000000005
emscoring_495.pdb	Target268_592_from_Target268_twoch_545_haddock.pdb	None	-43.32445
emscoring_143.pdb	Target268_303_from_Target268_twoch_227_haddock.pdb	None	-43.09326
emscoring_10.pdb	Target268_196_from_Target268_twoch_107_haddock.pdb	None	-42.9086
emscoring_528.pdb	Target268_619_from_Target268_twoch_575_haddock.pdb	None	-42.8724186
emscoring_559.pdb	Target268_644_from_Target268_twoch_602_haddock.pdb	None	-42.67404
emscoring_777.pdb	Target268_183_from_Target268_twoch_93_haddock.pdb	None	-42.504217999999995
emscoring_139.pdb	Target268_30_from_Target268_twoch_223_haddock.pdb	None	-42.38841
emscoring_77.pdb	Target268_250_from_Target268_twoch_168_haddock.pdb	None	-42.36426
emscoring_354.pdb	Target268_476_from_Target268_twoch_417_haddock.pdb	None	-42.32038
emscoring_171.pdb	Target268_326_from_Target268_twoch_252_haddock.pdb	None	-42.233841999999996
emscoring_554.pdb	Target268_641_from_Target268_twoch_599_haddock.pdb	None	-42.231359999999995
emscoring_83.pdb	Target268_255_from_Target268_twoch_173_haddock.pdb	None	-42.1157766
emscoring_286.pdb	Target268_420_from_Target268_twoch_356_haddock.pdb	None	-42.115436
emscoring_52.pdb	Target268_23_from_Target268_twoch_145_haddock.pdb	None	-42.012114000000004
emscoring_737.pdb	Target268_79_from_Target268_twoch_763_haddock.pdb	None	-41.90966
emscoring_91.pdb	Target268_115_from_Target268_twoch_19_haddock.pdb	None	-41.828779999999995
emscoring_26.pdb	Target268_208_from_Target268_twoch_121_haddock.pdb	None	-41.66691
emscoring_412.pdb	Target268_141_from_Target268_twoch_48_haddock.pdb	None	-41.60956
emscoring_144.pdb	Target268_304_from_Target268_twoch_228_haddock.pdb	None	-41.464053
emscoring_639.pdb	Target268_71_from_Target268_twoch_675_haddock.pdb	None	-41.328599999999994
emscoring_595.pdb	Target268_674_from_Target268_twoch_635_haddock.pdb	None	-41.229764
emscoring_209.pdb	Target268_358_from_Target268_twoch_287_haddock.pdb	None	-41.15451
emscoring_680.pdb	Target268_742_from_Target268_twoch_711_haddock.pdb	None	-41.02661
emscoring_611.pdb	Target268_688_from_Target268_twoch_650_haddock.pdb	None	-40.94792
emscoring_290.pdb	Target268_424_from_Target268_twoch_360_haddock.pdb	None	-40.93995
emscoring_705.pdb	Target268_763_from_Target268_twoch_734_haddock.pdb	None	-40.89215
emscoring_666.pdb	Target268_732_from_Target268_twoch_700_haddock.pdb	None	-40.84378
emscoring_112.pdb	Target268_28_from_Target268_twoch_200_haddock.pdb	None	-40.74494
emscoring_675.pdb	Target268_739_from_Target268_twoch_707_haddock.pdb	None	-40.40368
emscoring_723.pdb	Target268_167_from_Target268_twoch_76_haddock.pdb	None	-40.362480000000005
emscoring_516.pdb	Target268_609_from_Target268_twoch_564_haddock.pdb	None	-40.294322
emscoring_580.pdb	Target268_661_from_Target268_twoch_621_haddock.pdb	None	-40.231750000000005
emscoring_184.pdb	Target268_337_from_Target268_twoch_264_haddock.pdb	None	-40.17888
emscoring_624.pdb	Target268_698_from_Target268_twoch_661_haddock.pdb	None	-40.10272
emscoring_30.pdb	Target268_211_from_Target268_twoch_125_haddock.pdb	None	-40.035642
emscoring_582.pdb	Target268_663_from_Target268_twoch_623_haddock.pdb	None	-40.0238
emscoring_490.pdb	Target268_148_from_Target268_twoch_55_haddock.pdb	None	-39.96314
emscoring_157.pdb	Target268_315_from_Target268_twoch_240_haddock.pdb	None	-39.9574
emscoring_779.pdb	Target268_185_from_Target268_twoch_95_haddock.pdb	None	-39.45373
emscoring_570.pdb	Target268_653_from_Target268_twoch_612_haddock.pdb	None	-39.33512
emscoring_630.pdb	Target268_702_from_Target268_twoch_667_haddock.pdb	None	-39.18336
emscoring_434.pdb	Target268_143_from_Target268_twoch_50_haddock.pdb	None	-39.03196
emscoring_781.pdb	Target268_187_from_Target268_twoch_97_haddock.pdb	None	-39.02851
emscoring_34.pdb	Target268_215_from_Target268_twoch_129_haddock.pdb	None	-38.99378
emscoring_615.pdb	Target268_690_from_Target268_twoch_653_haddock.pdb	None	-38.8523
emscoring_756.pdb	Target268_170_from_Target268_twoch_79_haddock.pdb	None	-38.682441999999995
emscoring_305.pdb	Target268_436_from_Target268_twoch_373_haddock.pdb	None	-37.75172
emscoring_98.pdb	Target268_268_from_Target268_twoch_187_haddock.pdb	None	-37.495360000000005
emscoring_510.pdb	Target268_604_from_Target268_twoch_559_haddock.pdb	None	-37.135220000000004
emscoring_449.pdb	Target268_554_from_Target268_twoch_503_haddock.pdb	None	-37.092612
emscoring_688.pdb	Target268_75_from_Target268_twoch_719_haddock.pdb	None	-37.03639
emscoring_215.pdb	Target268_362_from_Target268_twoch_292_haddock.pdb	None	-36.99991
emscoring_388.pdb	Target268_505_from_Target268_twoch_449_haddock.pdb	None	-36.983384
emscoring_289.pdb	Target268_423_from_Target268_twoch_359_haddock.pdb	None	-36.930912
emscoring_327.pdb	Target268_454_from_Target268_twoch_393_haddock.pdb	None	-36.9257
emscoring_742.pdb	Target268_83_from_Target268_twoch_768_haddock.pdb	None	-36.91757
emscoring_81.pdb	Target268_253_from_Target268_twoch_171_haddock.pdb	None	-36.79446
emscoring_619.pdb	Target268_694_from_Target268_twoch_657_haddock.pdb	None	-36.723575999999994
emscoring_547.pdb	Target268_635_from_Target268_twoch_592_haddock.pdb	None	-36.5897182
emscoring_704.pdb	Target268_762_from_Target268_twoch_733_haddock.pdb	None	-36.533894000000004
emscoring_280.pdb	Target268_130_from_Target268_twoch_36_haddock.pdb	None	-36.53174
emscoring_386.pdb	Target268_503_from_Target268_twoch_447_haddock.pdb	None	-36.393584
emscoring_717.pdb	Target268_773_from_Target268_twoch_745_haddock.pdb	None	-36.35121
emscoring_423.pdb	Target268_142_from_Target268_twoch_49_haddock.pdb	None	-36.314646
emscoring_37.pdb	Target268_217_from_Target268_twoch_131_haddock.pdb	None	-36.287420000000004
emscoring_638.pdb	Target268_709_from_Target268_twoch_674_haddock.pdb	None	-36.211819999999996
emscoring_589.pdb	Target268_67_from_Target268_twoch_630_haddock.pdb	None	-36.07125
emscoring_452.pdb	Target268_557_from_Target268_twoch_506_haddock.pdb	None	-35.96617
emscoring_140.pdb	Target268_300_from_Target268_twoch_224_haddock.pdb	None	-35.5107
emscoring_736.pdb	Target268_789_from_Target268_twoch_762_haddock.pdb	None	-35.4556
emscoring_415.pdb	Target268_527_from_Target268_twoch_473_haddock.pdb	None	-35.415734
emscoring_281.pdb	Target268_416_from_Target268_twoch_351_haddock.pdb	None	-35.41473
emscoring_253.pdb	Target268_394_from_Target268_twoch_326_haddock.pdb	None	-35.31389
emscoring_586.pdb	Target268_667_from_Target268_twoch_627_haddock.pdb	None	-34.893722
emscoring_356.pdb	Target268_478_from_Target268_twoch_419_haddock.pdb	None	-34.810028
emscoring_553.pdb	Target268_640_from_Target268_twoch_598_haddock.pdb	None	-34.745866
emscoring_504.pdb	Target268_6_from_Target268_twoch_553_haddock.pdb	None	-34.66652
emscoring_146.pdb	Target268_306_from_Target268_twoch_230_haddock.pdb	None	-34.629225
emscoring_698.pdb	Target268_758_from_Target268_twoch_728_haddock.pdb	None	-34.16146
emscoring_770.pdb	Target268_178_from_Target268_twoch_87_haddock.pdb	None	-34.0779
emscoring_220.pdb	Target268_367_from_Target268_twoch_297_haddock.pdb	None	-34.03242
emscoring_126.pdb	Target268_29_from_Target268_twoch_211_haddock.pdb	None	-33.991048
emscoring_462.pdb	Target268_565_from_Target268_twoch_515_haddock.pdb	None	-33.874696
emscoring_776.pdb	Target268_182_from_Target268_twoch_92_haddock.pdb	None	-33.72656
emscoring_283.pdb	Target268_418_from_Target268_twoch_353_haddock.pdb	None	-33.6602192
emscoring_646.pdb	Target268_715_from_Target268_twoch_681_haddock.pdb	None	-33.6528
emscoring_127.pdb	Target268_290_from_Target268_twoch_212_haddock.pdb	None	-33.536395999999996
emscoring_485.pdb	Target268_584_from_Target268_twoch_536_haddock.pdb	None	-33.13749
emscoring_266.pdb	Target268_404_from_Target268_twoch_338_haddock.pdb	None	-33.0161
emscoring_64.pdb	Target268_24_from_Target268_twoch_156_haddock.pdb	None	-32.67412
emscoring_47.pdb	Target268_111_from_Target268_twoch_15_haddock.pdb	None	-32.1172
emscoring_399.pdb	Target268_514_from_Target268_twoch_459_haddock.pdb	None	-32.007512000000006
emscoring_8.pdb	Target268_194_from_Target268_twoch_105_haddock.pdb	None	-31.33056
emscoring_181.pdb	Target268_334_from_Target268_twoch_261_haddock.pdb	None	-31.03216
emscoring_604.pdb	Target268_681_from_Target268_twoch_643_haddock.pdb	None	-30.9252922
emscoring_494.pdb	Target268_591_from_Target268_twoch_544_haddock.pdb	None	-30.61874
emscoring_202.pdb	Target268_124_from_Target268_twoch_29_haddock.pdb	None	-30.52342
emscoring_333.pdb	Target268_46_from_Target268_twoch_399_haddock.pdb	None	-30.51074
emscoring_585.pdb	Target268_666_from_Target268_twoch_626_haddock.pdb	None	-30.369358
emscoring_379.pdb	Target268_139_from_Target268_twoch_45_haddock.pdb	None	-30.364359999999998
emscoring_632.pdb	Target268_704_from_Target268_twoch_669_haddock.pdb	None	-30.336548
emscoring_468.pdb	Target268_146_from_Target268_twoch_53_haddock.pdb	None	-30.22144
emscoring_432.pdb	Target268_541_from_Target268_twoch_489_haddock.pdb	None	-30.202722
emscoring_6.pdb	Target268_192_from_Target268_twoch_103_haddock.pdb	None	-29.989116
emscoring_20.pdb	Target268_203_from_Target268_twoch_116_haddock.pdb	None	-29.93378
emscoring_583.pdb	Target268_664_from_Target268_twoch_624_haddock.pdb	None	-29.91279
emscoring_771.pdb	Target268_179_from_Target268_twoch_88_haddock.pdb	None	-29.729010000000002
emscoring_345.pdb	Target268_469_from_Target268_twoch_409_haddock.pdb	None	-29.5931
emscoring_631.pdb	Target268_703_from_Target268_twoch_668_haddock.pdb	None	-29.49021
emscoring_63.pdb	Target268_239_from_Target268_twoch_155_haddock.pdb	None	-29.176059999999996
emscoring_237.pdb	Target268_380_from_Target268_twoch_311_haddock.pdb	None	-28.92574
emscoring_598.pdb	Target268_677_from_Target268_twoch_638_haddock.pdb	None	-28.869010000000003
emscoring_322.pdb	Target268_450_from_Target268_twoch_389_haddock.pdb	None	-28.775499999999997
emscoring_108.pdb	Target268_276_from_Target268_twoch_196_haddock.pdb	None	-28.66491
emscoring_642.pdb	Target268_712_from_Target268_twoch_678_haddock.pdb	None	-28.65539
emscoring_457.pdb	Target268_145_from_Target268_twoch_52_haddock.pdb	None	-28.299200000000003
emscoring_279.pdb	Target268_415_from_Target268_twoch_350_haddock.pdb	None	-28.269508000000002
emscoring_325.pdb	Target268_452_from_Target268_twoch_391_haddock.pdb	None	-28.08789
emscoring_92.pdb	Target268_262_from_Target268_twoch_181_haddock.pdb	None	-27.74499
emscoring_255.pdb	Target268_396_from_Target268_twoch_328_haddock.pdb	None	-27.6822
emscoring_11.pdb	Target268_197_from_Target268_twoch_108_haddock.pdb	None	-27.39238
emscoring_84.pdb	Target268_256_from_Target268_twoch_174_haddock.pdb	None	-27.21343
emscoring_536.pdb	Target268_626_from_Target268_twoch_582_haddock.pdb	None	-27.20785
emscoring_565.pdb	Target268_65_from_Target268_twoch_608_haddock.pdb	None	-27.041622
emscoring_728.pdb	Target268_782_from_Target268_twoch_755_haddock.pdb	None	-27.023310000000002
emscoring_597.pdb	Target268_676_from_Target268_twoch_637_haddock.pdb	None	-26.669452
emscoring_224.pdb	Target268_101_from_Target268_twoch_4_haddock.pdb	None	-26.269412000000003
emscoring_145.pdb	Target268_305_from_Target268_twoch_229_haddock.pdb	None	-26.21616
emscoring_548.pdb	Target268_636_from_Target268_twoch_593_haddock.pdb	None	-26.160200000000003
emscoring_394.pdb	Target268_51_from_Target268_twoch_454_haddock.pdb	None	-26.128152
emscoring_42.pdb	Target268_221_from_Target268_twoch_136_haddock.pdb	None	-26.047238
emscoring_431.pdb	Target268_540_from_Target268_twoch_488_haddock.pdb	None	-25.855093999999998
emscoring_746.pdb	Target268_86_from_Target268_twoch_771_haddock.pdb	None	-25.837514
emscoring_384.pdb	Target268_501_from_Target268_twoch_445_haddock.pdb	None	-25.65306
emscoring_375.pdb	Target268_494_from_Target268_twoch_437_haddock.pdb	None	-25.581580000000002
emscoring_3.pdb	Target268_108_from_Target268_twoch_11_haddock.pdb	None	-25.574450000000002
emscoring_334.pdb	Target268_460_from_Target268_twoch_400_haddock.pdb	None	-25.57196
emscoring_204.pdb	Target268_353_from_Target268_twoch_282_haddock.pdb	None	-25.527552
emscoring_2.pdb	Target268_1_from_Target268_twoch_2_haddock.pdb	None	-25.27335
emscoring_750.pdb	Target268_9_from_Target268_twoch_775_haddock.pdb	None	-25.044643999999998
emscoring_107.pdb	Target268_275_from_Target268_twoch_195_haddock.pdb	None	-24.995890000000003
emscoring_407.pdb	Target268_520_from_Target268_twoch_466_haddock.pdb	None	-24.86224
emscoring_187.pdb	Target268_34_from_Target268_twoch_267_haddock.pdb	None	-24.819913999999997
emscoring_566.pdb	Target268_650_from_Target268_twoch_609_haddock.pdb	None	-24.70695
emscoring_74.pdb	Target268_248_from_Target268_twoch_165_haddock.pdb	None	-24.35743
emscoring_563.pdb	Target268_648_from_Target268_twoch_606_haddock.pdb	None	-24.229262
emscoring_227.pdb	Target268_371_from_Target268_twoch_302_haddock.pdb	None	-24.129441999999997
emscoring_166.pdb	Target268_322_from_Target268_twoch_248_haddock.pdb	None	-24.039649999999998
emscoring_715.pdb	Target268_771_from_Target268_twoch_743_haddock.pdb	None	-23.53176
emscoring_480.pdb	Target268_58_from_Target268_twoch_531_haddock.pdb	None	-23.437266
emscoring_484.pdb	Target268_583_from_Target268_twoch_535_haddock.pdb	None	-23.28057
emscoring_41.pdb	Target268_220_from_Target268_twoch_135_haddock.pdb	None	-22.86294
emscoring_258.pdb	Target268_129_from_Target268_twoch_34_haddock.pdb	None	-22.775168
emscoring_557.pdb	Target268_153_from_Target268_twoch_61_haddock.pdb	None	-22.457700000000003
emscoring_503.pdb	Target268_599_from_Target268_twoch_552_haddock.pdb	None	-22.2360804
emscoring_648.pdb	Target268_717_from_Target268_twoch_683_haddock.pdb	None	-22.105776
emscoring_348.pdb	Target268_470_from_Target268_twoch_411_haddock.pdb	None	-21.975299999999997
emscoring_783.pdb	Target268_189_from_Target268_twoch_99_haddock.pdb	None	-21.54119
emscoring_664.pdb	Target268_730_from_Target268_twoch_698_haddock.pdb	None	-21.315016
emscoring_451.pdb	Target268_556_from_Target268_twoch_505_haddock.pdb	None	-20.30442
emscoring_179.pdb	Target268_333_from_Target268_twoch_260_haddock.pdb	None	-20.2733
emscoring_747.pdb	Target268_87_from_Target268_twoch_772_haddock.pdb	None	-20.04342
emscoring_403.pdb	Target268_517_from_Target268_twoch_462_haddock.pdb	None	-19.90661
emscoring_341.pdb	Target268_465_from_Target268_twoch_405_haddock.pdb	None	-19.70167
emscoring_542.pdb	Target268_631_from_Target268_twoch_588_haddock.pdb	None	-19.14739
emscoring_12.pdb	Target268_198_from_Target268_twoch_109_haddock.pdb	None	-18.87452
emscoring_519.pdb	Target268_611_from_Target268_twoch_567_haddock.pdb	None	-18.656564
emscoring_295.pdb	Target268_428_from_Target268_twoch_364_haddock.pdb	None	-18.15258
emscoring_637.pdb	Target268_708_from_Target268_twoch_673_haddock.pdb	None	-17.83012
emscoring_392.pdb	Target268_508_from_Target268_twoch_452_haddock.pdb	None	-17.7280774
emscoring_507.pdb	Target268_601_from_Target268_twoch_556_haddock.pdb	None	-17.06982
emscoring_273.pdb	Target268_41_from_Target268_twoch_344_haddock.pdb	None	-16.9711
emscoring_284.pdb	Target268_419_from_Target268_twoch_354_haddock.pdb	None	-16.83797
emscoring_669.pdb	Target268_733_from_Target268_twoch_701_haddock.pdb	None	-16.614438
emscoring_320.pdb	Target268_449_from_Target268_twoch_387_haddock.pdb	None	-16.34464
emscoring_310.pdb	Target268_440_from_Target268_twoch_378_haddock.pdb	None	-15.697704000000002
emscoring_584.pdb	Target268_665_from_Target268_twoch_625_haddock.pdb	None	-15.11893
emscoring_362.pdb	Target268_482_from_Target268_twoch_424_haddock.pdb	None	-15.031974
emscoring_506.pdb	Target268_600_from_Target268_twoch_555_haddock.pdb	None	-14.991058
emscoring_336.pdb	Target268_135_from_Target268_twoch_41_haddock.pdb	None	-14.740960000000001
emscoring_247.pdb	Target268_128_from_Target268_twoch_33_haddock.pdb	None	-14.735534
emscoring_419.pdb	Target268_530_from_Target268_twoch_477_haddock.pdb	None	-14.505560000000001
emscoring_272.pdb	Target268_409_from_Target268_twoch_343_haddock.pdb	None	-14.30836
emscoring_300.pdb	Target268_432_from_Target268_twoch_369_haddock.pdb	None	-13.286400000000002
emscoring_515.pdb	Target268_608_from_Target268_twoch_563_haddock.pdb	None	-13.286400000000002
emscoring_357.pdb	Target268_479_from_Target268_twoch_420_haddock.pdb	None	-13.07924
emscoring_301.pdb	Target268_433_from_Target268_twoch_370_haddock.pdb	None	-12.80129
emscoring_774.pdb	Target268_107_from_Target268_twoch_10_haddock.pdb	None	-12.442620000000002
emscoring_575.pdb	Target268_658_from_Target268_twoch_617_haddock.pdb	None	-11.953212
emscoring_421.pdb	Target268_532_from_Target268_twoch_479_haddock.pdb	None	-11.674562
emscoring_226.pdb	Target268_370_from_Target268_twoch_301_haddock.pdb	None	-11.650030000000001
emscoring_541.pdb	Target268_630_from_Target268_twoch_587_haddock.pdb	None	-11.426915999999999
emscoring_152.pdb	Target268_310_from_Target268_twoch_235_haddock.pdb	None	-10.4567138
emscoring_232.pdb	Target268_377_from_Target268_twoch_307_haddock.pdb	None	-9.566704000000001
emscoring_134.pdb	Target268_297_from_Target268_twoch_219_haddock.pdb	None	-9.375999999999998
emscoring_93.pdb	Target268_263_from_Target268_twoch_182_haddock.pdb	None	-9.3569044
emscoring_635.pdb	Target268_706_from_Target268_twoch_671_haddock.pdb	None	-9.264994000000002
emscoring_200.pdb	Target268_350_from_Target268_twoch_279_haddock.pdb	None	-9.22125
emscoring_347.pdb	Target268_136_from_Target268_twoch_42_haddock.pdb	None	-9.192219999999999
emscoring_199.pdb	Target268_35_from_Target268_twoch_278_haddock.pdb	None	-9.09261
emscoring_352.pdb	Target268_474_from_Target268_twoch_415_haddock.pdb	None	-8.985982
emscoring_129.pdb	Target268_292_from_Target268_twoch_214_haddock.pdb	None	-8.944412
emscoring_293.pdb	Target268_426_from_Target268_twoch_362_haddock.pdb	None	-8.927404
emscoring_606.pdb	Target268_683_from_Target268_twoch_645_haddock.pdb	None	-8.731040000000002
emscoring_391.pdb	Target268_507_from_Target268_twoch_451_haddock.pdb	None	-8.639266
emscoring_256.pdb	Target268_397_from_Target268_twoch_329_haddock.pdb	None	-8.487559999999998
emscoring_481.pdb	Target268_580_from_Target268_twoch_532_haddock.pdb	None	-8.42503
emscoring_368.pdb	Target268_488_from_Target268_twoch_430_haddock.pdb	None	-8.377496
emscoring_278.pdb	Target268_414_from_Target268_twoch_349_haddock.pdb	None	-8.191675999999998
emscoring_418.pdb	Target268_53_from_Target268_twoch_476_haddock.pdb	None	-7.942220000000001
emscoring_682.pdb	Target268_744_from_Target268_twoch_713_haddock.pdb	None	-7.840820000000001
emscoring_118.pdb	Target268_283_from_Target268_twoch_204_haddock.pdb	None	-7.692959999999999
emscoring_58.pdb	Target268_112_from_Target268_twoch_16_haddock.pdb	None	-7.50032
emscoring_238.pdb	Target268_381_from_Target268_twoch_312_haddock.pdb	None	-7.1267
emscoring_113.pdb	Target268_100_from_Target268_twoch_3_haddock.pdb	None	-7.118778
emscoring_616.pdb	Target268_691_from_Target268_twoch_654_haddock.pdb	None	-6.85915
emscoring_398.pdb	Target268_513_from_Target268_twoch_458_haddock.pdb	None	-6.382680000000001
emscoring_235.pdb	Target268_38_from_Target268_twoch_310_haddock.pdb	None	-6.24638
emscoring_740.pdb	Target268_81_from_Target268_twoch_766_haddock.pdb	None	-6.23732
emscoring_396.pdb	Target268_511_from_Target268_twoch_456_haddock.pdb	None	-5.533636
emscoring_120.pdb	Target268_285_from_Target268_twoch_206_haddock.pdb	None	-4.240811999999998
emscoring_245.pdb	Target268_388_from_Target268_twoch_319_haddock.pdb	None	-3.9870360000000002
emscoring_371.pdb	Target268_490_from_Target268_twoch_433_haddock.pdb	None	-3.843971999999999
emscoring_165.pdb	Target268_321_from_Target268_twoch_247_haddock.pdb	None	-3.6475040000000005
emscoring_211.pdb	Target268_36_from_Target268_twoch_289_haddock.pdb	None	-3.432880000000001
emscoring_655.pdb	Target268_723_from_Target268_twoch_690_haddock.pdb	None	-3.3451600000000004
emscoring_89.pdb	Target268_260_from_Target268_twoch_179_haddock.pdb	None	-3.339194000000001
emscoring_319.pdb	Target268_448_from_Target268_twoch_386_haddock.pdb	None	-3.31131
emscoring_294.pdb	Target268_427_from_Target268_twoch_363_haddock.pdb	None	-3.1775600000000015
emscoring_508.pdb	Target268_602_from_Target268_twoch_557_haddock.pdb	None	-2.9373244000000005
emscoring_424.pdb	Target268_534_from_Target268_twoch_481_haddock.pdb	None	-2.787320000000001
emscoring_338.pdb	Target268_462_from_Target268_twoch_402_haddock.pdb	None	-2.552570000000001
emscoring_177.pdb	Target268_331_from_Target268_twoch_258_haddock.pdb	None	-2.4627999999999997
emscoring_162.pdb	Target268_319_from_Target268_twoch_244_haddock.pdb	None	-2.07015
emscoring_189.pdb	Target268_341_from_Target268_twoch_269_haddock.pdb	None	-1.1896500000000003
emscoring_260.pdb	Target268_4_from_Target268_twoch_332_haddock.pdb	None	-1.1758799999999994
emscoring_466.pdb	Target268_569_from_Target268_twoch_519_haddock.pdb	None	-0.9274399999999972
emscoring_14.pdb	Target268_109_from_Target268_twoch_12_haddock.pdb	None	-0.6058000000000021
emscoring_520.pdb	Target268_612_from_Target268_twoch_568_haddock.pdb	None	0.5958199999999998
emscoring_450.pdb	Target268_555_from_Target268_twoch_504_haddock.pdb	None	0.7156459999999978
emscoring_331.pdb	Target268_458_from_Target268_twoch_397_haddock.pdb	None	1.2910899999999992
emscoring_425.pdb	Target268_535_from_Target268_twoch_482_haddock.pdb	None	1.4253879999999999
emscoring_208.pdb	Target268_357_from_Target268_twoch_286_haddock.pdb	None	3.012520000000002
emscoring_769.pdb	Target268_177_from_Target268_twoch_86_haddock.pdb	None	4.7146259999999955
emscoring_88.pdb	Target268_26_from_Target268_twoch_178_haddock.pdb	None	6.846839999999999
emscoring_429.pdb	Target268_539_from_Target268_twoch_486_haddock.pdb	None	7.143699999999999
emscoring_752.pdb	Target268_91_from_Target268_twoch_777_haddock.pdb	None	7.5582899999999995
emscoring_254.pdb	Target268_395_from_Target268_twoch_327_haddock.pdb	None	7.716004
emscoring_249.pdb	Target268_390_from_Target268_twoch_322_haddock.pdb	None	8.11288
emscoring_218.pdb	Target268_365_from_Target268_twoch_295_haddock.pdb	None	8.393280000000003
emscoring_578.pdb	Target268_660_from_Target268_twoch_620_haddock.pdb	None	8.583209999999998
emscoring_229.pdb	Target268_373_from_Target268_twoch_304_haddock.pdb	None	8.82498
emscoring_748.pdb	Target268_88_from_Target268_twoch_773_haddock.pdb	None	10.082704000000001
emscoring_27.pdb	Target268_209_from_Target268_twoch_122_haddock.pdb	None	10.7731
emscoring_636.pdb	Target268_707_from_Target268_twoch_672_haddock.pdb	None	11.013999999999998
emscoring_676.pdb	Target268_74_from_Target268_twoch_708_haddock.pdb	None	12.355853999999994
emscoring_374.pdb	Target268_493_from_Target268_twoch_436_haddock.pdb	None	12.494140000000005
emscoring_402.pdb	Target268_516_from_Target268_twoch_461_haddock.pdb	None	13.577919999999999
emscoring_709.pdb	Target268_767_from_Target268_twoch_738_haddock.pdb	None	14.082478000000002
emscoring_49.pdb	Target268_227_from_Target268_twoch_142_haddock.pdb	None	14.55507
emscoring_75.pdb	Target268_249_from_Target268_twoch_166_haddock.pdb	None	14.690719999999999
emscoring_68.pdb	Target268_243_from_Target268_twoch_160_haddock.pdb	None	15.12013
emscoring_390.pdb	Target268_14_from_Target268_twoch_46_haddock.pdb	None	15.560959999999998
emscoring_645.pdb	Target268_160_from_Target268_twoch_69_haddock.pdb	None	16.10489
emscoring_103.pdb	Target268_271_from_Target268_twoch_191_haddock.pdb	None	17.321006507999996
emscoring_250.pdb	Target268_391_from_Target268_twoch_323_haddock.pdb	None	17.474339999999998
emscoring_125.pdb	Target268_118_from_Target268_twoch_22_haddock.pdb	None	17.55334
emscoring_190.pdb	Target268_342_from_Target268_twoch_270_haddock.pdb	None	17.901254
emscoring_119.pdb	Target268_284_from_Target268_twoch_205_haddock.pdb	None	18.33343
emscoring_724.pdb	Target268_779_from_Target268_twoch_751_haddock.pdb	None	18.583799999999997
emscoring_151.pdb	Target268_31_from_Target268_twoch_234_haddock.pdb	None	18.612735999999998
emscoring_522.pdb	Target268_614_from_Target268_twoch_570_haddock.pdb	None	18.8601314
emscoring_735.pdb	Target268_788_from_Target268_twoch_761_haddock.pdb	None	20.640822
emscoring_115.pdb	Target268_280_from_Target268_twoch_201_haddock.pdb	None	23.31739
emscoring_552.pdb	Target268_64_from_Target268_twoch_597_haddock.pdb	None	24.260437999999997
emscoring_511.pdb	Target268_605_from_Target268_twoch_560_haddock.pdb	None	24.618299999999998
emscoring_330.pdb	Target268_457_from_Target268_twoch_396_haddock.pdb	None	25.01886
emscoring_640.pdb	Target268_710_from_Target268_twoch_676_haddock.pdb	None	26.050269999999998
emscoring_521.pdb	Target268_613_from_Target268_twoch_569_haddock.pdb	None	27.497010000000003
emscoring_612.pdb	Target268_158_from_Target268_twoch_66_haddock.pdb	None	27.893589999999996
emscoring_662.pdb	Target268_729_from_Target268_twoch_696_haddock.pdb	None	28.301496
emscoring_332.pdb	Target268_459_from_Target268_twoch_398_haddock.pdb	None	28.40334
emscoring_217.pdb	Target268_364_from_Target268_twoch_294_haddock.pdb	None	28.49194
emscoring_38.pdb	Target268_218_from_Target268_twoch_132_haddock.pdb	None	28.512810000000005
emscoring_753.pdb	Target268_92_from_Target268_twoch_778_haddock.pdb	None	28.605439999999998
emscoring_102.pdb	Target268_116_from_Target268_twoch_20_haddock.pdb	None	28.67666
emscoring_79.pdb	Target268_252_from_Target268_twoch_170_haddock.pdb	None	28.85976
emscoring_614.pdb	Target268_69_from_Target268_twoch_652_haddock.pdb	None	29.091573000000004
emscoring_135.pdb	Target268_298_from_Target268_twoch_220_haddock.pdb	None	30.576130000000003
emscoring_73.pdb	Target268_247_from_Target268_twoch_164_haddock.pdb	None	32.476780000000005
emscoring_106.pdb	Target268_274_from_Target268_twoch_194_haddock.pdb	None	33.30259
emscoring_82.pdb	Target268_254_from_Target268_twoch_172_haddock.pdb	None	34.045657999999996
emscoring_316.pdb	Target268_445_from_Target268_twoch_383_haddock.pdb	None	34.1957756
emscoring_13.pdb	Target268_199_from_Target268_twoch_110_haddock.pdb	None	34.348721
emscoring_201.pdb	Target268_351_from_Target268_twoch_280_haddock.pdb	None	34.747
emscoring_549.pdb	Target268_637_from_Target268_twoch_594_haddock.pdb	None	35.126089
emscoring_180.pdb	Target268_122_from_Target268_twoch_27_haddock.pdb	None	35.70853
emscoring_33.pdb	Target268_214_from_Target268_twoch_128_haddock.pdb	None	36.00011
emscoring_299.pdb	Target268_431_from_Target268_twoch_368_haddock.pdb	None	36.40421
emscoring_509.pdb	Target268_603_from_Target268_twoch_558_haddock.pdb	None	36.949439999999996
emscoring_727.pdb	Target268_781_from_Target268_twoch_754_haddock.pdb	None	37.738096
emscoring_241.pdb	Target268_384_from_Target268_twoch_315_haddock.pdb	None	39.85714
emscoring_697.pdb	Target268_757_from_Target268_twoch_727_haddock.pdb	None	40.9199
emscoring_426.pdb	Target268_536_from_Target268_twoch_483_haddock.pdb	None	41.546232999999994
emscoring_694.pdb	Target268_754_from_Target268_twoch_724_haddock.pdb	None	41.61126
emscoring_262.pdb	Target268_400_from_Target268_twoch_334_haddock.pdb	None	42.61122
emscoring_154.pdb	Target268_312_from_Target268_twoch_237_haddock.pdb	None	42.652294
emscoring_344.pdb	Target268_468_from_Target268_twoch_408_haddock.pdb	None	43.51138
emscoring_263.pdb	Target268_401_from_Target268_twoch_335_haddock.pdb	None	43.53865999999999
emscoring_16.pdb	Target268_20_from_Target268_twoch_112_haddock.pdb	None	44.005102
emscoring_71.pdb	Target268_245_from_Target268_twoch_162_haddock.pdb	None	44.586014000000006
emscoring_50.pdb	Target268_228_from_Target268_twoch_143_haddock.pdb	None	45.281724
emscoring_534.pdb	Target268_151_from_Target268_twoch_59_haddock.pdb	None	45.326046
emscoring_282.pdb	Target268_417_from_Target268_twoch_352_haddock.pdb	None	46.60990999999999
emscoring_228.pdb	Target268_372_from_Target268_twoch_303_haddock.pdb	None	48.333118
emscoring_568.pdb	Target268_154_from_Target268_twoch_62_haddock.pdb	None	48.514720000000004
emscoring_739.pdb	Target268_80_from_Target268_twoch_765_haddock.pdb	None	49.5458
emscoring_343.pdb	Target268_467_from_Target268_twoch_407_haddock.pdb	None	49.64264
emscoring_67.pdb	Target268_242_from_Target268_twoch_159_haddock.pdb	None	49.68234
emscoring_378.pdb	Target268_497_from_Target268_twoch_440_haddock.pdb	None	50.008073
emscoring_620.pdb	Target268_695_from_Target268_twoch_658_haddock.pdb	None	50.690692
emscoring_274.pdb	Target268_410_from_Target268_twoch_345_haddock.pdb	None	50.690692
emscoring_700.pdb	Target268_76_from_Target268_twoch_730_haddock.pdb	None	52.674702999999994
emscoring_175.pdb	Target268_33_from_Target268_twoch_256_haddock.pdb	None	56.255280000000006
emscoring_277.pdb	Target268_413_from_Target268_twoch_348_haddock.pdb	None	58.23494
emscoring_276.pdb	Target268_412_from_Target268_twoch_347_haddock.pdb	None	58.721419999999995
emscoring_618.pdb	Target268_693_from_Target268_twoch_656_haddock.pdb	None	59.688588
emscoring_46.pdb	Target268_225_from_Target268_twoch_140_haddock.pdb	None	59.760744
emscoring_773.pdb	Target268_180_from_Target268_twoch_90_haddock.pdb	None	59.94231
emscoring_48.pdb	Target268_226_from_Target268_twoch_141_haddock.pdb	None	61.380529
emscoring_555.pdb	Target268_642_from_Target268_twoch_600_haddock.pdb	None	61.57988
emscoring_574.pdb	Target268_657_from_Target268_twoch_616_haddock.pdb	None	61.74136000000001
emscoring_130.pdb	Target268_293_from_Target268_twoch_215_haddock.pdb	None	61.81361
emscoring_303.pdb	Target268_434_from_Target268_twoch_371_haddock.pdb	None	64.035
emscoring_323.pdb	Target268_451_from_Target268_twoch_390_haddock.pdb	None	64.20473
emscoring_721.pdb	Target268_777_from_Target268_twoch_749_haddock.pdb	None	64.96591000000001
emscoring_716.pdb	Target268_772_from_Target268_twoch_744_haddock.pdb	None	64.96591000000001
emscoring_169.pdb	Target268_121_from_Target268_twoch_26_haddock.pdb	None	65.786826
emscoring_28.pdb	Target268_21_from_Target268_twoch_123_haddock.pdb	None	66.44823
emscoring_470.pdb	Target268_571_from_Target268_twoch_522_haddock.pdb	None	66.992062
emscoring_579.pdb	Target268_155_from_Target268_twoch_63_haddock.pdb	None	67.44107
emscoring_359.pdb	Target268_48_from_Target268_twoch_421_haddock.pdb	None	67.54902000000001
emscoring_665.pdb	Target268_731_from_Target268_twoch_699_haddock.pdb	None	68.3637
emscoring_456.pdb	Target268_560_from_Target268_twoch_510_haddock.pdb	None	68.66647
emscoring_302.pdb	Target268_132_from_Target268_twoch_38_haddock.pdb	None	71.36726386000001
emscoring_318.pdb	Target268_447_from_Target268_twoch_385_haddock.pdb	None	72.03806999999999
emscoring_186.pdb	Target268_339_from_Target268_twoch_266_haddock.pdb	None	72.40959000000001
emscoring_672.pdb	Target268_736_from_Target268_twoch_704_haddock.pdb	None	74.33606199999998
emscoring_529.pdb	Target268_62_from_Target268_twoch_576_haddock.pdb	None	74.82167999999999
emscoring_292.pdb	Target268_425_from_Target268_twoch_361_haddock.pdb	None	75.69476
emscoring_101.pdb	Target268_270_from_Target268_twoch_190_haddock.pdb	None	76.21897999999999
emscoring_691.pdb	Target268_751_from_Target268_twoch_721_haddock.pdb	None	80.07991200000001
emscoring_463.pdb	Target268_566_from_Target268_twoch_516_haddock.pdb	None	80.38542
emscoring_754.pdb	Target268_93_from_Target268_twoch_779_haddock.pdb	None	82.18921
emscoring_778.pdb	Target268_184_from_Target268_twoch_94_haddock.pdb	None	83.2581
emscoring_86.pdb	Target268_258_from_Target268_twoch_176_haddock.pdb	None	85.27625000000002
emscoring_369.pdb	Target268_138_from_Target268_twoch_44_haddock.pdb	None	87.799412
emscoring_661.pdb	Target268_728_from_Target268_twoch_695_haddock.pdb	None	89.33917
emscoring_173.pdb	Target268_328_from_Target268_twoch_254_haddock.pdb	None	92.003962
emscoring_358.pdb	Target268_137_from_Target268_twoch_43_haddock.pdb	None	92.03502999999999
emscoring_376.pdb	Target268_495_from_Target268_twoch_438_haddock.pdb	None	93.13667000000001
emscoring_361.pdb	Target268_481_from_Target268_twoch_423_haddock.pdb	None	94.36761
emscoring_602.pdb	Target268_68_from_Target268_twoch_641_haddock.pdb	None	94.7687
emscoring_161.pdb	Target268_318_from_Target268_twoch_243_haddock.pdb	None	94.92617999999999
emscoring_188.pdb	Target268_340_from_Target268_twoch_268_haddock.pdb	None	96.25134
emscoring_122.pdb	Target268_287_from_Target268_twoch_208_haddock.pdb	None	98.30134199999999
emscoring_469.pdb	Target268_570_from_Target268_twoch_521_haddock.pdb	None	99.2617
emscoring_593.pdb	Target268_672_from_Target268_twoch_633_haddock.pdb	None	99.577066
emscoring_21.pdb	Target268_204_from_Target268_twoch_117_haddock.pdb	None	101.53868
emscoring_54.pdb	Target268_231_from_Target268_twoch_147_haddock.pdb	None	101.60083
emscoring_210.pdb	Target268_359_from_Target268_twoch_288_haddock.pdb	None	103.00825999999999
emscoring_577.pdb	Target268_66_from_Target268_twoch_619_haddock.pdb	None	104.07075999999999
emscoring_725.pdb	Target268_78_from_Target268_twoch_752_haddock.pdb	None	104.38539
emscoring_671.pdb	Target268_735_from_Target268_twoch_703_haddock.pdb	None	108.13760200000002
emscoring_364.pdb	Target268_484_from_Target268_twoch_426_haddock.pdb	None	109.40310000000001
emscoring_1.pdb	Target268_0_from_Target268_twoch_1_haddock.pdb	None	113.29413
emscoring_460.pdb	Target268_563_from_Target268_twoch_513_haddock.pdb	None	115.024678
emscoring_573.pdb	Target268_656_from_Target268_twoch_615_haddock.pdb	None	115.49346
emscoring_285.pdb	Target268_42_from_Target268_twoch_355_haddock.pdb	None	116.01389999999999
emscoring_569.pdb	Target268_652_from_Target268_twoch_611_haddock.pdb	None	116.46169
emscoring_18.pdb	Target268_201_from_Target268_twoch_114_haddock.pdb	None	117.07059199999999
emscoring_69.pdb	Target268_113_from_Target268_twoch_17_haddock.pdb	None	119.12129999999999
emscoring_751.pdb	Target268_90_from_Target268_twoch_776_haddock.pdb	None	121.77248
emscoring_59.pdb	Target268_235_from_Target268_twoch_151_haddock.pdb	None	123.23858
emscoring_685.pdb	Target268_747_from_Target268_twoch_716_haddock.pdb	None	123.60177499999999
emscoring_351.pdb	Target268_473_from_Target268_twoch_414_haddock.pdb	None	124.36131
emscoring_251.pdb	Target268_392_from_Target268_twoch_324_haddock.pdb	None	125.27506
emscoring_205.pdb	Target268_354_from_Target268_twoch_283_haddock.pdb	None	128.54992
emscoring_252.pdb	Target268_393_from_Target268_twoch_325_haddock.pdb	None	130.72658599999997
emscoring_314.pdb	Target268_443_from_Target268_twoch_381_haddock.pdb	None	131.12657000000002
emscoring_248.pdb	Target268_39_from_Target268_twoch_321_haddock.pdb	None	134.57326999999998
emscoring_491.pdb	Target268_589_from_Target268_twoch_541_haddock.pdb	None	136.4606
emscoring_246.pdb	Target268_389_from_Target268_twoch_320_haddock.pdb	None	139.52755000000002
emscoring_159.pdb	Target268_316_from_Target268_twoch_241_haddock.pdb	None	139.78531999999998
emscoring_544.pdb	Target268_633_from_Target268_twoch_590_haddock.pdb	None	141.16837999999998
emscoring_718.pdb	Target268_774_from_Target268_twoch_746_haddock.pdb	None	143.81921999999997
emscoring_720.pdb	Target268_776_from_Target268_twoch_748_haddock.pdb	None	144.265612
emscoring_268.pdb	Target268_406_from_Target268_twoch_340_haddock.pdb	None	144.28581
emscoring_687.pdb	Target268_749_from_Target268_twoch_718_haddock.pdb	None	145.631798
emscoring_147.pdb	Target268_12_from_Target268_twoch_24_haddock.pdb	None	146.45503
emscoring_767.pdb	Target268_175_from_Target268_twoch_84_haddock.pdb	None	152.18272000000002
emscoring_446.pdb	Target268_144_from_Target268_twoch_51_haddock.pdb	None	153.89218
emscoring_297.pdb	Target268_43_from_Target268_twoch_366_haddock.pdb	None	163.081
emscoring_679.pdb	Target268_163_from_Target268_twoch_72_haddock.pdb	None	165.52971
emscoring_759.pdb	Target268_97_from_Target268_twoch_783_haddock.pdb	None	169.57796000000002
emscoring_729.pdb	Target268_783_from_Target268_twoch_756_haddock.pdb	None	172.23029200000002
emscoring_355.pdb	Target268_477_from_Target268_twoch_418_haddock.pdb	None	172.47098599999998
emscoring_673.pdb	Target268_737_from_Target268_twoch_705_haddock.pdb	None	183.7105978
emscoring_7.pdb	Target268_193_from_Target268_twoch_104_haddock.pdb	None	185.082291
emscoring_197.pdb	Target268_348_from_Target268_twoch_276_haddock.pdb	None	185.59096
emscoring_193.pdb	Target268_344_from_Target268_twoch_272_haddock.pdb	None	186.36314
emscoring_710.pdb	Target268_768_from_Target268_twoch_739_haddock.pdb	None	187.594154
emscoring_644.pdb	Target268_714_from_Target268_twoch_680_haddock.pdb	None	188.90931
emscoring_313.pdb	Target268_133_from_Target268_twoch_39_haddock.pdb	None	194.6019
emscoring_512.pdb	Target268_15_from_Target268_twoch_57_haddock.pdb	None	204.09525
emscoring_172.pdb	Target268_327_from_Target268_twoch_253_haddock.pdb	None	214.34876
emscoring_195.pdb	Target268_346_from_Target268_twoch_274_haddock.pdb	None	218.13064139999997
emscoring_131.pdb	Target268_294_from_Target268_twoch_216_haddock.pdb	None	234.80532000000002
emscoring_594.pdb	Target268_673_from_Target268_twoch_634_haddock.pdb	None	264.68188000000004
emscoring_72.pdb	Target268_246_from_Target268_twoch_163_haddock.pdb	None	266.88638000000003
emscoring_85.pdb	Target268_257_from_Target268_twoch_175_haddock.pdb	None	1383.72262
emscoring_764.pdb	Target268_172_from_Target268_twoch_81_haddock.pdb	None	1415.68034
emscoring_670.pdb	Target268_734_from_Target268_twoch_702_haddock.pdb	None	1447.3532000000002
emscoring_599.pdb	Target268_678_from_Target268_twoch_639_haddock.pdb	None	1453.986164
emscoring_158.pdb	Target268_120_from_Target268_twoch_25_haddock.pdb	None	1455.3982799999999
emscoring_652.pdb	Target268_720_from_Target268_twoch_687_haddock.pdb	None	1461.89648
emscoring_243.pdb	Target268_386_from_Target268_twoch_317_haddock.pdb	None	1479.8692600000002
emscoring_90.pdb	Target268_261_from_Target268_twoch_180_haddock.pdb	None	1497.46352
emscoring_124.pdb	Target268_289_from_Target268_twoch_210_haddock.pdb	None	1503.07832
emscoring_340.pdb	Target268_464_from_Target268_twoch_404_haddock.pdb	None	1508.39242
emscoring_5.pdb	Target268_191_from_Target268_twoch_102_haddock.pdb	None	1510.85896
emscoring_372.pdb	Target268_491_from_Target268_twoch_434_haddock.pdb	None	1524.9294
emscoring_335.pdb	Target268_102_from_Target268_twoch_5_haddock.pdb	None	1529.5543
emscoring_170.pdb	Target268_325_from_Target268_twoch_251_haddock.pdb	None	1531.43892
emscoring_25.pdb	Target268_11_from_Target268_twoch_13_haddock.pdb	None	1542.49508
emscoring_231.pdb	Target268_376_from_Target268_twoch_306_haddock.pdb	None	1545.0677799999999
emscoring_741.pdb	Target268_82_from_Target268_twoch_767_haddock.pdb	None	1546.0468199999998
emscoring_264.pdb	Target268_402_from_Target268_twoch_336_haddock.pdb	None	1551.452848
emscoring_758.pdb	Target268_96_from_Target268_twoch_782_haddock.pdb	None	1553.0455
emscoring_532.pdb	Target268_622_from_Target268_twoch_579_haddock.pdb	None	1655.920764
emscoring_191.pdb	Target268_123_from_Target268_twoch_28_haddock.pdb	None	2004.83356
emscoring_317.pdb	Target268_446_from_Target268_twoch_384_haddock.pdb	None	2006.2183
emscoring_627.pdb	Target268_70_from_Target268_twoch_664_haddock.pdb	None	2013.2387599999997
emscoring_517.pdb	Target268_61_from_Target268_twoch_565_haddock.pdb	None	2038.63896
emscoring_749.pdb	Target268_89_from_Target268_twoch_774_haddock.pdb	None	2046.3940699999998
emscoring_733.pdb	Target268_787_from_Target268_twoch_760_haddock.pdb	None	2048.7102
emscoring_537.pdb	Target268_627_from_Target268_twoch_583_haddock.pdb	None	2080.87122
emscoring_397.pdb	Target268_512_from_Target268_twoch_457_haddock.pdb	None	2091.26904
emscoring_216.pdb	Target268_363_from_Target268_twoch_293_haddock.pdb	None	2098.6339000000003
emscoring_658.pdb	Target268_725_from_Target268_twoch_692_haddock.pdb	None	2132.2227
emscoring_236.pdb	Target268_127_from_Target268_twoch_32_haddock.pdb	None	2141.95576
emscoring_647.pdb	Target268_716_from_Target268_twoch_682_haddock.pdb	None	2148.4296200000003
emscoring_207.pdb	Target268_356_from_Target268_twoch_285_haddock.pdb	None	2169.04975
emscoring_530.pdb	Target268_620_from_Target268_twoch_577_haddock.pdb	None	2262.69192
emscoring_105.pdb	Target268_273_from_Target268_twoch_193_haddock.pdb	None	3236.380266
emscoring_633.pdb	Target268_705_from_Target268_twoch_670_haddock.pdb	None	3492.82098
emscoring_416.pdb	Target268_528_from_Target268_twoch_474_haddock.pdb	None	3624.53148
emscoring_436.pdb	Target268_544_from_Target268_twoch_492_haddock.pdb	None	3665.25744
emscoring_109.pdb	Target268_277_from_Target268_twoch_197_haddock.pdb	None	274721.83917
emscoring_406.pdb	Target268_52_from_Target268_twoch_465_haddock.pdb	None	2129982.3588199997
emscoring_9.pdb	Target268_195_from_Target268_twoch_106_haddock.pdb	None	2203798.45604
emscoring_538.pdb	Target268_628_from_Target268_twoch_584_haddock.pdb	None	2256312.43652
emscoring_206.pdb	Target268_355_from_Target268_twoch_284_haddock.pdb	None	4116088.756714
emscoring_628.pdb	Target268_700_from_Target268_twoch_665_haddock.pdb	None	7979664.273274001
emscoring_312.pdb	Target268_442_from_Target268_twoch_380_haddock.pdb	None	13225604.03342
